id,full_name,bsb,account_number,ether_account
1,Onida Kempshall,805697,59636177,0x36785f6bc1fd5f0c42c050dcbc7ead4034181bfa
2,Rolando Fenck,892091,85255014,0xc61caa24d66abd5352c20abfedae87e9fbfe29fe
3,Marcellus Quade,619547,52537866,0xa61db0b1b54937473d604dc88c4563f0ce24ca61
4,Cazzie Minard,619222,91999689,0xc106acff35ed8b16bc663c55d236cd99dd0c4c83
5,Cointon Petche,782322,38021900,0xc2640ac9968d74518bf50bc66ede3e524db27d4d
6,Averil Jaksic,207251,10893056,0x21ee8fc1f8094c96c0ff492721ee30fe1346d7b5
7,Norbie Bacchus,551542,95714815,0xab0c492c7c3595d26a30a84b6fe512ffc4a4a2c3
8,Aili Robbs,616047,90861220,0xcc5694cfe99c077631d42cc52d22947f3eaaadf6
9,Ferdie Matthieson,046342,13139248,0x966aa685d08e46868537247ed870081d4a13203d
10,Catha Taberner,233685,26815521,0xc022b86b1bbc75556bc332709c0ed73e31e356b3
11,Wilt Danev,061316,06720290,0xb7b776af33314ae66bf0925e5c1d2e6d7743d440
12,Joye Indgs,323581,44966567,0x541d4565064fa0b02e715cd646cd0f7153ab059f
13,Reagen Hacquard,940559,63836790,0xcf5432bb1839633508aced81942f1bb15591261d
14,Lindon Rubinow,612396,94178483,0x964226c6868abf95f67501efccba44cf16e9baa0
15,Wynnie Daniello,097602,79014597,0x3f16aeabb25b64e01e261bdd0305f087a4d80179
16,Katha Franseco,789702,22628954,0x87504e028b2451bd73f9867fecb4ec91208d2cad
17,Pepito Andrassy,353973,14053779,0xe6c779204e9867a3d4f2f7ecd9bd48cd9e000fdd
18,Gertrudis Hilary,702471,63226667,0xe7d6ff1fd8f662a9870b4bb07523baf0c07cb0e5
19,Doralynne Biernat,549755,71593535,0x92784e14af4b9c89e28d2a5e7df833953532eb65
20,Marni Clue,415707,08186765,0x717808b4816f34c2d86be8cc1ca301edfd8f7fa9
21,Minny Verry,014509,12215139,0xe65d1275218872e9efea8b680aa1c8e2fc824a57
22,Desiri Everiss,856226,18972875,0x7c6d0a6648380095da442aaf37989e75f1155460
23,Hal Sawtell,581886,05302603,0xd278a1b95499593b6bf78c94d925967e9d2a7cc4
24,Jim Tooley,826436,09306919,0x4072acff8355c2b8e631624d755702faad465608
25,Veda Luckes,313283,98370722,0xdbd9ff00619073794dddaf8d3d54df3a52c7fde4
26,Bliss Maneylaws,742100,91116129,0x8ba7970f12351ee8264ede2f6b7b1fc28e2d61c9
27,Edgard Saylor,624513,86758941,0xeefb09054b8fa2b42846cf8d7306435cc495b183
28,Gigi Hayers,672518,96543979,0x953f9fb2e8e50a0e41647c45a08a6680beba2ed9
29,Gwendolin Matton,442298,84205975,0x157b66c0345622002191778124208a029d6bd2b0
30,Neala Bredee,796621,14405387,0xb4b796b718360b788a02a62fe06b99048c7c7ad7
31,Elga Shirt,411654,14901844,0x14d10f7d522a968d96361246870823c2a024f1d0
32,Doralin Le Gassick,832127,89797416,0x6eaf53ff0515917f923c41490d7c5f79a6633f0c
33,Robbie Wallwork,548529,61352902,0x81d5fecfeedaa9b446dbbdd69a5e32af0dd782a8
34,Teodoro Kobpa,729403,79837133,0x6b950f6043f47f833cbc1bfb352841e722c60b27
35,Dita Stadding,210852,28096468,0x3edda3ba92b186456558adf6b079f80bb667e67a
36,Doralynne Goldfinch,052656,99297048,0xb28783511dc9a3224a74da4490c5bfc672515942
37,Stevena Walczak,651030,84930231,0x9e5b37f6d29335b86ffeaa0ed25e06d733aec270
38,Anthia Meneghi,303335,44550268,0x5b724221102b389e98a5008f2dd211ec24820bdd
39,Annabelle Allon,254760,50505163,0xee7bad5b2fbeaca0e5353c18a81010df628a01ea
40,Krystle Fall,516302,37762734,0x749947c172168e964b309492cb5bc5ea7b382772
41,Skye Biever,545931,41883289,0xe6af1222cdfe3811351bf8b4930c35a56b67bcbe
42,Cati Norcliffe,282280,24785342,0xfab88278aab9cc4bc61ae5481dd75931754da203
43,Sibeal D'Aulby,629957,61605572,0x6684e1e363b5a798ec549f916e0c6252373b49fd
44,Valry Honnicott,710220,10712943,0xbf75a23dd9543b1ba0c6466f3ac01bcedf5ceace
45,Stu Renahan,931615,42976565,0xd6d20cd6b60bf9029cd6148afc14ead1370c6b5e
46,Rachele Godehard.sf,192785,42155764,0xc5b0e13a6a8e59a1fb06c5efbe59960be2535fbe
47,Ulberto Lillow,863766,82965156,0xd354c5f0214d04270564411ddd488599f4d473fa
48,Berthe Willingam,423052,02127054,0xb0ab021070bac8ef61edfaa567263cde079e59e7
49,Lind Stidever,862885,87287756,0xc002aa96e1338d5a8594ebc74dff1a43819d331a
50,Llewellyn Keyden,778071,33216328,0xfd473760f0ed5751b84694e2e7e00382442480d3
51,Jo ann Monni,104244,23606333,0x1001d841f751fc650c1b58445d26158f7be2bcf4
52,Leisha Chiswell,363367,22945785,0x3ff0948fa131f8e22f60e0d4bc696783f1d028a7
53,Wallie Dowda,809382,62045445,0x821e6a0e8c0e49b0257a01dccf8ebb074504d7ff
54,Micky Congdon,078910,21957504,0xc6a0dcd8b44bf7c06187df71213f752b328699a1
55,Charmaine Skelbeck,715203,52998009,0x082dddcce21573335dfa0895a0fb81b1b7bb4499
56,Dwain Beers,917791,82748000,0xbc073c8c5e46fc768931b6a256eee9549edf67ed
57,Fabian Grenville,104344,59126027,0x4c5b3bbe1802962892a8e756fc2c88f99eafc75e
58,Janeczka Bartolommeo,224952,30038733,0x388e281d124d453e8ec8bfa1c1d0cd9f34d127cf
59,Winnie Swyndley,259324,96011585,0x640ce33c7e56f7864202480d586da88e9dbb18ee
60,Tawnya Bunnell,612675,10494936,0x73dfc98cefb09f07086c3f227615329736529e1a
61,Ellie Mayworth,462583,67731508,0xd46ac7faf6d3a9d613180e3205812ae7702b0842
62,Carley Shwalbe,408116,12811916,0xad434ce3a9b73b3fb0ebbd7192b8c724f5d1a7d1
63,Guendolen Wyld,152156,20798013,0x96e881f5d2d5c90e3c4ffc02a270873c11103d7e
64,Marilyn Raspison,474794,91091750,0x5898943d3431e50245e6253e69207f33ff5e2492
65,Susann Duplan,078337,36560600,0x36aff12823b5bdb42cb3fb2a760a2e381e75772c
66,Belita Leithgoe,365325,03453216,0x429247e27033fdb38a8371b80dd2bf5f0f071d3e
67,Lorettalorna Peak,234279,21788847,0x0244a394d14db302c6db85efe85b046922c6e61b
68,Vidovic Shine,762155,80378608,0xe7caed412265106294c602b3d02fc681ec81acc6
69,Frederigo Dallimore,651626,78781602,0x2456ac45d41c2a739980a15ebbb85e57f6512907
70,Ines Orrey,730698,96579529,0xd6862603a80ec27991189c409e543d72c5838021
71,Paten Dutchburn,620500,31548049,0x097193abf5dd531e53d8fe78e17da25ca64e8e87
72,Emilia Crace,732686,51052750,0xbcf2e5a98ef0ca758cd65a36e5a4d07c611d3e91
73,Jacob Rudiger,042611,82348321,0x98cb6f5f0d6ba577b538c2e427a980472392f9d7
74,Doloritas Filyaev,105504,73107642,0xcea7cfd6f1e4de53c9f6d705e77785aa64830cee
75,Quintana McKeever,852302,80970194,0x926ecd468cdbfffdb6267f9ca181b9e307386641
76,Drusie Wheelan,747208,14876524,0x4d5b7901f806b5113d85e53d39125006f8e39dfb
77,Osmund Forsaith,120766,87407814,0x7a818c326647eee3675de8cc327ac845b3ed8617
78,Audre Allward,050083,70561284,0xe5a074c21b09c91cf0a909443cd979fa8add7775
79,Niki Pykerman,586191,23280318,0x199f0e71a07c343ef9843284d613e3627d3e2ee6
80,Lamond Howroyd,703836,17641457,0x58260462f463bd28ccc0e3c876264fa639c3b66c
81,Augustine Labbez,104755,78900472,0x15a42866057f03c4f86c913af91e3f9e11fbc0de
82,Thorndike Kubera,033957,59709909,0x2d92ffdc9c2b9e75c9bfccb530772a191ea0b2e0
83,Malissia Rallinshaw,777449,37998578,0x08259c65798418c6a240129b5d402d253de537e3
84,Saunderson Ilem,447577,50194683,0xba6d1c99033c500eeade2ca9fd8b50be753c480a
85,Brandie Powter,258329,28468131,0x721d8c8cf7b406bfb09c55b8ff9f6cc18bceef0e
86,Polly Kelsall,426462,70140328,0xc64ea10be522210de9e4bf6dab9247d514d409e6
87,Bruis Currie,554268,81577562,0x604d9c2ce0ce482346dea3aa2ea2044e35496055
88,Zachariah Creffeild,822138,45515537,0xf2109283ffa85af2637ce84a630d3749e478742c
89,Persis Gates,573316,75279446,0xa717a48b474f0775fb6231c7615fcd5954b19a91
90,Meryl Egger,097995,55331673,0x57cd668147e7e0914b79da3798e5a84be1db5432
91,Skip Nisby,855403,91665641,0xa8baaf9b3bb861688f5faa677bf8bea55b482e20
92,Billie Cassey,206237,02094851,0x39e934380fe8da3c1c8ca3eefed2098ab8a3ea84
93,Lionello Dyble,182280,47564531,0x9dd9f7a348247b6d1c9abdeb080dd3ce870b5d4b
94,Daryl Peter,339341,86275956,0xfea3e8a4a8d172f8ac563d7e6169986235f08d96
95,Heddi Nano,679670,87893592,0x5615b84157fcbd44091290192491016c63a9b6ae
96,Florrie Butfield,503080,69085132,0x8fc2c012264d67eef607bd6fd61c12427ec7bcd1
97,Hadley Larrad,221463,06030161,0x2b4137be2d6f8ade2d5821dc0f31013a3ac53cf0
98,Sybil Eynaud,858471,76406621,0x162fe35c275d1a02e6867297039e1f3de5a75478
99,Sybille Padbury,700619,87485378,0x1aa741b85241125ce8e135d80eb36a3c4c591133
100,Anselma Caurah,984351,93485635,0x78f84b926ab633c040b33aed30b83d4776bf1f78
101,Amargo Rodolfi,610302,11260375,0x5f50acab08135786ea081ca1b2b52e17424250c7
102,Verine Cammack,705899,21891555,0xbb7f1ac1aaf7ffaba6736a0fb0079b863bb67184
103,Meredith Pontain,227489,10041918,0x0c64c7ebe8522e6d9599b4984642dabf63f96d6d
104,Devy Livesay,849605,19036035,0x32db879bee68841a00e2ec6336c3a08928faed73
105,Lynne Heisler,476698,14710907,0x6e3f48ea41a566bb0e63f2603d378bfbe44bacc5
106,Alejandra Hatliffe,062178,35297998,0x36aa599b48db0f9997ca478cfa9dd744b376a396
107,Nicky Tilson,806630,74658684,0x5a6f4d2bdded0ba81586fe95791f930cb031ea80
108,Alard McGucken,464197,25162338,0xcf58df825e70ba414a39f141d46a6571b564644c
109,Fin Filimore,774732,53418307,0xa896288007278456bcf6805983c07d873e9c1551
110,Jeanette Krikorian,289365,89409920,0x817a6993798343df15a121249e783273bde6c643
111,Deonne Pochet,803379,94609100,0x7d0974ba496b2f1860f8d277fda49562c13f95aa
112,Ofella Stollsteiner,909744,42165408,0xab3c42781303fe3f99a199f60272383860490830
113,Fin Muirhead,155388,94332580,0x1e5dc1b02a9e7200893c14d8012e4b64b91f3f69
114,Myrle Saldler,446441,57533611,0xc057e66cb10108d3674284d4f9493f9e2b7384eb
115,Suellen Whetnall,043596,72748216,0x1d8e188faa1da558eb015d633986e49680af2488
116,Valle Sebborn,966881,13129348,0x37c5baf350099ff8f7010ddffaea8e28c8f9c257
117,Jamil Amar,442924,37917962,0x278d3111b83393b82a940e7958683b5a8728488c
118,Elsworth Caley,771499,60214978,0x4e1c2248444d09943c65372c50286df08f782a31
119,Karlee Bainbrigge,796776,76647470,0x77462e8379817137ea4692d3a8906901b259b023
120,Ced Ingerfield,902396,48224919,0x547d03cf2b257d1319639ab667bd402434f6c671
121,Pippy Baxstar,291579,96569525,0x9c3a57a57bfe37833b764bba41b598580c2428e2
122,Chelsey Luna,153726,97156664,0x173ed652a3d7174b09de7d2c97b804b2f46ccf73
123,Carolee Risman,498226,17361622,0x92a0034a54da98853de601c88bc75946e01568c2
124,Orson Reedy,666802,48198937,0x96c0949b5397ebeb711a61a0888453a23b54dd2e
125,Fredrick Greatrex,020374,08178007,0x491044baefd4e89eeff3e743afbfaa7bc1d9191c
126,Valentia MacCrosson,021402,35324614,0x5704cb6671eed3864d083211f5c38f8daa2440ac
127,Theodora Ravens,611280,45778076,0xbf0a7fbdc469968e8aef0c6865eceb9a607fc153
128,Marietta O'Shavlan,189762,10073014,0x7bb05dadf1c0eff580a53a21d08e2486fe8da529
129,Emmerich Omrod,274530,08683558,0x75353d5c5c1918f64c3b10edaa84b211c4f0100a
130,Vallie Erdes,934813,98211252,0x8157eb46126e74471bc8fdb2b6efc1c47d43cab6
131,Aguistin Riccione,731033,14096730,0x481e52d449ff4c93deb547aa27fbabdf3a3f8540
132,Theda Shimmans,342319,97777077,0x97a80dbfb8266d00a28bf2a82900888e8b30748e
133,Demetre Gunny,164694,50481658,0xb434153c6f1960f0e018493dddebc4596ad20c16
134,Annabal Doey,206617,31884281,0x77a5da2379f64a7f5a2154de16ee65f13df9d226
135,Mirabel Staite,803450,94898283,0x7167c4afd977630d3ad088b9e076d44066e02024
136,Alwyn Olyunin,064425,85611348,0x75c06dc24f187e1e9de326d789cc76ab28a288c4
137,Kellia Powter,066704,64983216,0x19320d40ccc5166701498596c72d09994c60c375
138,Marabel Fossick,551412,53020288,0xc9130b87a979c0e67edc742e2fbde00d79504150
139,Maddalena Gwin,775713,92736558,0x6ad3a75609d193ffbcf832b2b7f7a4214cd24d30
140,Kyla Sonnenschein,783317,68199271,0x676ed1906455efbe003b4d02e9d243087fb27354
141,Jud McGee,293899,94436529,0x04ba6224897ad1cd479769378fd908737561177b
142,Nap McGraith,262103,19791237,0x5e0e07ba3f2ca8abe1b7dbff798548bc60c33193
143,Issie Morewood,821648,26299856,0x94ea960e01601e3d8bf4e12f9326e555fe060b09
144,Cullan Lanston,734822,78603928,0x400f00121d3a8e2a015f5e685f4cf661b2113df9
145,Curry Marcu,844512,51292013,0xf7bdba57338388261a9b1cbdef3b2074dfa8e972
146,Lazarus Artus,785459,10656731,0x85c5f4f5c7bc64c73aff50b0478cbe2329bb85ac
147,Freddy Orpen,350357,16020383,0xa334e415b575027a6d89b2548018176c7befbdd1
148,Margy Teape,598384,70931587,0xeaeb3fc53e225bce0573d25fe5930cb8b7c0e886
149,Darline Stiffkins,726642,28986466,0x7f9a54284e3a4df14d6b4523e871d177ebc1f3b0
150,Grayce Caplin,169993,07567115,0xe3232d1f71094acdb3f1b9b9f3a35a21c2054231
151,Leonerd Burfoot,633276,62628932,0xe4b1642c2f009cfc8d9b092e304892e76313bf9e
152,Randi Hiseman,612750,43683375,0x15cebc199490642bc68c747d70d2ce1e99d57a68
153,Marty Keems,486268,05766822,0x86a17cfd9c9de388dd9490ddddf6a7e3730000db
154,Fritz Scutchin,022425,49094384,0xc92372744013f054142667ae86c8885d4dc57ac1
155,Claudine Streak,292275,86334531,0xf9609df5bc00baed7f0e6fe3ffe5a407635658bd
156,Romonda Ewan,959694,66907547,0x17302d836940b285a7bb141869bdb7d9b12169ef
157,Joellyn Durtnal,725574,73034055,0x58e282ccbcf86db25453aab053448367bb28287d
158,Greggory Napoli,251374,66362321,0x39423287c98e76170bef54db59ad46bf0f988169
159,Candice Moss,144958,51496785,0x0577e92fcdbe914b856e023b14f67607b631235e
160,Isa Fishbourn,124961,75239634,0x1d0d73248d18c8b05d59987eb6316641b5dba723
161,Randi Smeath,159027,19560379,0xdecac9797dc9eab6ef3812f9ea02ea87f8814c65
162,Maddalena Johnson,181307,69513258,0x80c2891df125f4c5a563e27dc96602da3b408257
163,Gottfried Gillebert,796421,18020969,0x375392918cbe149bad5855235abc0a306566987f
164,Astra Ibert,519958,73388815,0x46f3771878330fe0385c8215e48c2956829c86c9
165,Filberto Lanphere,709140,92265502,0x5e34283ea67cb9a773a5b9e59f6a41a30e0cae81
166,Christye Biscomb,991065,99685259,0x7fa8c95370bac1b4409ddafc738dfcd2c1eedc22
167,Alanson Resun,760244,97969279,0xf9eaba9c3555ac08f4327c7c26ff96d0d7add134
168,Peyton Brearty,030291,81793314,0x5983a882589770d1ab2e27a9a14f75cc556f0597
169,Amerigo Van Cassel,340477,71530512,0x186f00ed27cfa4f22db98497d895c9a348f564a0
170,Addi Ecclestone,459900,40189709,0x7b6bac479fac5eef8c9f490ec0a4f72eb74f82f4
171,Octavius Scanlin,126831,78649741,0x5f91432160ca4e4a30d5a40b201d422f7f31fe1d
172,Robbie Hance,195610,72965612,0x7824a232da4f6c8176988cf71c0bb7dc1a5e3416
173,Zebulon Bes,618431,00893100,0xc494c7652801d24e271518cca2d31fce66ec5d52
174,Timoteo Tulk,005919,76549402,0x00736b1085d3844b5382ca70c66bb1660f4d7abe
175,Nanette Largan,153206,89773185,0xbe827f4232b5f80ee140b3cf4373f82acad29e7f
176,Jill Newstead,328927,85640438,0x65299abbb0ef07de12f07b9798e7e55cf7ae5f38
177,Matelda Pidgeley,621101,90644765,0xabe0d1d8447e48f56e3d3428cd4ce8ac4e010e1b
178,Kristien Merricks,402863,35608954,0xf5da65dea3504e01c7036590123effc880c298bf
179,Blayne Gillbe,476979,35183198,0xf13fb30479111d01d10472499260f421e3421ce5
180,Tilda de Nore,383772,91125716,0x67f37da2e2d13987049143b7e9f46d69a26e741b
181,Jilly Orriss,463424,59159460,0xdbb0e0581d1da7a5363ca8eae141a79f92b63e81
182,Harriot Palfreyman,164310,55856612,0x72b76cf53a287c86cb57364894fbe423193d4d0e
183,Rufe Geach,949091,73556368,0x44e1aec37b2d35ae42c8a15830037313cbcfe045
184,Jilly Laste,576168,94312060,0xdcc94130af4dd7b665e565aa471c34098bffdfab
185,Holly Somersett,312376,94863787,0xccb9f9da51155b0456d2ae8c97e8035a2101d698
186,Revkah Kilshall,686959,53555469,0xedf273c25b68b3d3bf5c08f172c4d901ab9047ef
187,Phylys Brazier,475311,08014388,0x4d01e7b1f709aa0d4776c3b93dde25265ec5a289
188,Merry Larmet,530819,99578454,0xb2ec46d74130bc3c76bae0b1426a06958bfd77fc
189,Ameline Farndon,590240,90917847,0x4617a7cade6ab3d9864a8e657c32663e5defeeaf
190,Gareth Betjeman,170215,75006566,0x0a5304743fe524cfe60b82d071b39666f624be21
191,Lorrayne Kleinhaut,672416,11030700,0xbf70032eab766a374c4869436114c0b0ec00a6a8
192,Hobard Benstead,408768,58565223,0x0b60306c25b96cef3b04f75fcaaeaa3fada9ff75
193,Linn Bonny,295925,43942835,0x31db4d20daf196a5c44010454e93b94e997447a9
194,Alfred Venton,594791,35413592,0x1162cf8874af6805ee479fa94882fd0d56b7a959
195,Rudiger Gange,288043,38118245,0x131f0aac9a70adf590b20101817406f0de9cdc09
196,Kania Grimmolby,722611,53525138,0x4559d9b0444aca5508ec4aacc3836e3f1b8587ee
197,Ainsley Plester,866255,54021743,0xf2a7b537b80ccacd090930c07bbc4bb3da4443d8
198,Kevina Blanko,291573,86878718,0x3aab2f3341f8a665205bdea352f3b9bade086d03
199,Boonie Elrick,874719,66102164,0x040c4bd24b12136621cf58f55cfa05af85512431
200,Kora Couling,638399,14622054,0x56988a9104a4c7d5f03921c2f0d950f045046f8d
201,Essa Rodd,373777,86671426,0x5c3c6a2e0a1330e61c3a5e1f943642a05217a923
202,Darrin Dumphrey,924622,13413262,0x593257064be84949badd2dbdee9a2067e7409cc6
203,Staci Arran,342863,04765173,0x15cd41b29c0eedfba01faf8f7cf20f63afbb7dbb
204,Tomkin Spaduzza,621325,46899708,0x782e20262301ffa7bd624d839f80f122c1e0f54c
205,Brit Spellacy,631514,43033576,0x37bb5e9dd08561cd9286a4e86b027e8e22e6b255
206,Cass Linkleter,669410,42958879,0x49b8aa8826e20cf81c7ed635db7c32d256e03e27
207,Chilton Yapp,711827,21941530,0x19a81fe318cbffa70b59bea1f71995540d9823d7
208,Stanfield Wilshere,004084,38573766,0x22d7d66eb91bb0c2334445a0f9c7e5854454cf3f
209,Mag Kerwen,583620,83919969,0x9f179db0549062ada896f9ff5f993f3b426fdbfb
210,Benetta Doerr,039523,31741345,0x09d476e1606ea912762dd8191eb4f571f3a3e954
211,Pat Airth,940639,63799704,0x63e790365b8beeecedcb93156bac968db2ba2f7d
212,Ancell Force,207298,23275952,0x47b716a45b54d671fe1693708ba2b2977950d8a5
213,Karilynn Hares,650762,24762780,0x88fb9c888da3bedb696ea52fa49b25496d642b99
214,Granger Lamberton,220799,40752430,0x6b0e3adf7011fce697841e2cf0633b46a5dba517
215,Reggis Glusby,405653,16553103,0xd8ac308fff3c862677341019c28f149944cddcd0
216,Kare Casassa,460787,66839746,0x234af9e7ad1d3f8d9d6bc9244072a1b28ab3d979
217,Cecil Meah,690831,29049256,0x8ed4e2a26927256d743689a21d3d245f2eb5811d
218,Rubina Kitto,205325,05330461,0xf206702f72a5ee902e96aa716d5dc991b4e6b23d
219,Felecia Schiementz,306961,36768613,0x2fef5a9a5a301b98150d15297219e49084b4fa55
220,Janos Agate,436864,21577805,0x411a2f2b2f6100f4ae09eba4ff9f9fa03a8e7f83
221,Aryn Yeld,145768,65003855,0x1f1308aece7e472eb17516626d04dd3e7fbb0e4e
222,Theadora Stayte,330469,46120836,0x5d08b8c4fe42004ea10f5b18fea1e95ae55de850
223,Marnie Lippard,201817,51579676,0x184ec29b0272325942800add1a74fe00238cec6d
224,Gareth Weddell,431475,36016835,0x75a7e53b5572bfd51a45c8341ef3241fd94a2f2d
225,Stoddard Forde,842597,54356464,0x867118a48a25ab5911d0fd84f953d332e7d5e337
226,Mickey Membry,464020,46036057,0xd792ca85d5b55c245841d7f67d8f3aadf0a515de
227,Leena Ruf,495941,20259283,0x48a7b19a674ce3a8c1cad733c67444e8b50d612b
228,Ardyce Schild,648953,53713409,0x995f77382aa6c31fd2b29267f88ecb32b3d1f422
229,Jerrilyn Galsworthy,880473,59540057,0x6827518f37c7fc69e71abca25f6abbfef08c4c95
230,Wait Cowans,397273,72789641,0x2c4c34cfe78c94156bc74d68f26d5cbe137c410d
231,Tiffie Shillabear,547871,85550083,0xec7ba45897435763b470b2fbe11e5ddfee79e6ba
232,Cesare Forsdyke,916130,55563617,0xba7efee38f26c8cd9a4f35075072f3eaa1ad0fd0
233,Leandra Allbones,995598,58249721,0xbe66f0c98c892385d1ca3a793382bed59d400c3a
234,Merle Monshall,227471,83198547,0x2537c4c6a068dcd274d2cdf030dfde70f848f443
235,Wildon Stelli,394254,90597431,0xc6beb41e3ca916639881bce8b1e2d765b4de09f5
236,Rurik England,130216,98653907,0xce37196b74f291378b66c29dc3c407d20ae9e679
237,Jarid Ayling,582409,70855422,0x0ce3e3bb4429c3815164f695eb5b4cacd5118690
238,Giacobo Rodwell,924876,51243609,0xfb9f082bbe52fe545850df5146fa567beada180a
239,Collen Banner,340823,43558835,0x6f28e6211a941f1ec31b67e3696779a2314c4bb4
240,Blondie Toping,101507,65103903,0x7ff5caedcee8345c1febc48af4d79e64cfb8808d
241,Ephraim Franceschelli,541637,51321954,0xa107d5b697fd4a63d95cfc80acb1dafb927f71c4
242,Hermina Ferrea,169327,47431687,0xa6fb39a407c0aaf2e468024a68c02c3f37b695e5
243,Lela MacSharry,029687,01378418,0x1f8f2405bc18a3111552d2714e668d5510f54104
244,Berta Masters,217447,06552464,0xd0d1c2832915226640d92a4ddfa2a49012bc26c7
245,Nichole Roseburgh,519394,20496528,0x0e8728cdb2d16e7bbc891bc9bb1cfbb31d1e5848
246,Agata Dennis,882103,08512617,0x0087788819032576d1fffb149394ee3a57e70700
247,Rania Dunlap,771703,73766279,0x877052c8594a8a4639443b29876b2d8ebc0ca1ec
248,Brianna Cayser,453475,44148539,0xc2edbed35ba4370919f713e4d74257143598cb46
249,Tildi Wooler,891658,04830196,0x16f01458c4442f52ad6323099d1bd337a6505afd
250,Robinett Durbann,855407,79779008,0xbe9df876923f7b8f1e82ce2a8c76f28ea1b94b50
251,Hadley Enterle,808322,98205359,0xd7ec63e63250437f20a3fdff7a0d4ec659e9fa54
252,Pip Pinnegar,869316,49210979,0x2d8583159b1fd966fb05a8f5014ce1cf804ba3d3
253,Andeee Cootes,466657,52180929,0x87a9a8b9ffe24ff665e52c86427ce88bd991a16a
254,Carissa Mettricke,099889,82326352,0x1b5d096f3bd6aeea0888998fbb4331385aeb4753
255,Yolanda Gedling,034841,75538950,0xa577ce10f1897393787b6c54d5f76c47e18d6526
256,Darlleen Teresi,213161,01677979,0x435294dee87d99c2fa495a2e731f21ed11168705
257,Dunc Overington,506962,26691871,0x79e62ef71e3b464e93ceec97c0fecf58add19dbd
258,Ebba Marians,572066,03126360,0x33d89b3d732d0edc73aa5dafc42e2416b031c442
259,Juline Gantz,099358,16686573,0x97a4439479cc9bbcb9f33d46bdfb3e17509d8f3a
260,Alla Mapholm,153924,30944035,0x5a78266e577e3b646d66c714b76e9a1a6a5ca6dc
261,Magdalena Adicot,991206,71762013,0x5c5eb7f9692dafc5550191b8dada67fda8bd7d34
262,Irvin Crowdace,117975,25715728,0xa58a087dbe7110d413483e2ceb0f2d239565b1d8
263,Jillane Izakson,299419,51638312,0x7161c174240a6eb7bf121ee95c5946cc05b77894
264,Myrtia Itter,084692,25045736,0xaad0d810651a1b0bd33aebd7d8c01987e63fa112
265,Amie Carnie,384128,32114736,0x44d5d5494c0d6d70de05ebaa47a457308e8a8e45
266,Erroll McKleod,116106,19202211,0x575513cac2ce27a86e42401cf63bcee44989c46c
267,Aurelia Kopman,321327,67191951,0xe356fb8ced25c3e2a3765e3d77fd8f511a03d462
268,Hewie Lorimer,657965,95505404,0xf2282d4a83de02d7a7b3d6cf6abedb088984bdd6
269,Cari Crewes,328838,11387482,0xf845562a725871ab5c1ac067df2e5f89a3b4e266
270,Rolf O'Hartnedy,136522,16643660,0xb25df924f4adc6bdc787e7b71a925d5a081c2f06
271,Nanice Forlonge,385713,57231499,0xdc9a12d0a310622ded90e289047d6cebdd9a0560
272,Thekla Pressland,986467,53121191,0xf9a1b74996f879297b0b229a6a544a40af3e28bd
273,Kizzee Skoof,188714,41366676,0x0c6726f73e6250fa3899452faf8f756712f40175
274,Harris MacCallester,653424,02428935,0x3dacd6c829f11e2b9c82d0d95b31fc83c1338b0f
275,Dorie Fairy,319865,28312961,0x4a28cb37099df4893dd314c3808dc98e10f0b077
276,Levi Tilt,323810,20455488,0xe9ca1fbf0853d20b5f53b31712cb8ec9b1e29735
277,Victoir Birtley,038606,28743769,0x513c400cf701745853c6846056f121071c2c61dd
278,Gabriell Babidge,630846,85617591,0x4ed1bd038ba91c4fe7d65bb2f2a97e8f0bbd5808
279,Sheffy Cranson,407133,24908556,0xc480a9aad8f3e9bcf6db3ffa0ce924f8fba878ec
280,Doug Mellenby,055370,89454899,0xc79ec10d7e4307a56703fa4ae615d38649840ae1
281,Leroi Marzelle,552570,75014234,0xff90d76cd30739cf42ef599724e5009448136696
282,Cristine Manley,065528,24375230,0x49ebb7331cb612b1110561c37d90d75ae27b8be5
283,Beckie Belli,203755,10770775,0xdd74a9dc6b436408e03a4a8c592acfc2bb6a331e
284,Odille Gregh,748290,32719406,0x7eb90c308607bb461f76abf82a43ce3c0699ef88
285,Erwin McDonell,479700,31780705,0xe3cf45fb767b48b3d447850f3248e51611fd3c99
286,Abbe Comiam,533183,08483936,0x7a55bf1d2e5caa11f08e0c542ff00a74be639824
287,Rinaldo Troutbeck,491089,80112720,0xfabc00a14adb4c55a610106ff57eb58cffa80d22
288,Andrus Fielding,161956,26747234,0x2c0cc73495751b95697abc0806513b6ac686a043
289,Livia Ficken,498176,21699733,0x79f3ed2de119dad324a7df3b1c85ebf440559572
290,Patty Killock,336167,56317877,0x87aaa124b65fd541e31548019a7bf248faaaec5a
291,Eilis Cubberley,652129,53209536,0xe049db7754d93f34ca0ffcf805b29af8e16a1298
292,Amerigo Riggoll,031051,57837264,0x740631340d06f427d7d0fd35f921e425eea5fe0a
293,Harcourt Buncombe,407648,02769536,0x0b488178da4f9bc7bc947b58a9b272eea6ab5f01
294,Charlot Matessian,705643,32829586,0xf8cc0e469f3249c06fb88df0cfb3857b9d8f8f8f
295,Juliann Urey,547541,31863904,0xa813aff9f13ff03de4b21187308c8607700ce76f
296,Grantham Milch,419008,81549429,0xe483aca3827ecc84620af62e984e63f49bcf7581
297,Josh Saffer,372800,66595071,0x58a0664098d00a8d7521d6635fde5644e4ad1f84
298,Rosalinde Dagworthy,765611,54922632,0x5fd644eea4cf54e0fde34b00047da2a64f8445fd
299,Roth Innocenti,484450,55374368,0x597a547b6d7a5c0c05095db69dab409f1d662c86
300,Britta Worcester,679660,83330523,0x48126a07433e8ba281f2f94dab251b21e561c48f
301,Cynthia Craydon,947537,68035870,0x5ad7a10f568f33beec69e2cb0f9e260a2f7adf60
302,Belinda Snape,622819,49478355,0x869729a0eac1fcae505f5afe96df229a8e408fca
303,Freeman Fulton,615987,61492329,0xd349366e75fc39a7de9668e115a4acda2e13f375
304,Donielle Cornelleau,178393,43373495,0x43f5a56a2913ebc1e7ccaf2b1e30304da8f5d271
305,Flora Crookes,411069,05279458,0x47a9603770599644b3a865f5f51d7909bdb97528
306,Winnie Wilcinskis,806505,77445781,0x7c7c43dace74c08a589bb0ab4b54c6cc1ee15887
307,Sue Treker,570038,63775996,0xc0d0a0343c4159d02405e08b15fb3ec730bd413c
308,Tadd Bullin,763589,97690674,0x0f7b90f47a7de874c8ca8ad86681daaddf289992
309,Teressa Haggart,376701,67055729,0x4a35206f7bb3799b5d3511bb1ce4cc1e8a42ff43
310,Todd Gercken,013481,71414699,0x68bb30ab3797e34807a055e46cac9f1e111374e4
311,Ferdinande Vobes,682272,86762995,0x196b3f48e9ebddce9e9eaa0cdd0bce8f07aac263
312,Saree O'Devey,823856,07397457,0x790b089511400cb7727812f651b40892f9fe0f8e
313,Chastity Vila,943705,56180556,0x7a7467f476527cb5d97a7749d1baefacd17bbc49
314,Virginia Capper,530216,38444844,0xa16450cdb79d6f810e9671942664fce61ff340c5
315,Nataniel Forson,534913,83982089,0x800984483ec875733cc110c320dfad0d133cc086
316,Yetta Putton,203419,09032756,0xd98713308e8f0c8b35a8ad7ea100771734c9c6cf
317,Werner Choak,622343,65102448,0x0d22759d3ca30656fe47588d4cb3c043f7281568
318,Waylan Karel,951317,25400101,0xbc3a628ac5b90c52bf5924b6bb2fad921fca3109
319,Isa Lindwall,445047,02393292,0x06daf2698ab79bb0f54cef6c1599095ee3ee3df9
320,Maryjane Biggadike,635279,27665001,0x356725f07c906d16b5e7aecc8f32724e69721492
321,Feliks Farries,560523,71505411,0xd2fc5d3ef15304c244641f95cae2d51645664421
322,Beatrix Pleat,996536,52799703,0x14cc657f6d7073c6dc9c21ad0fd4f8dc672927dc
323,Sabra Collister,753071,57923519,0x57dc238319ac0759feedab7304a64d6820164af4
324,Hort Hallworth,271832,34897332,0x6249ead07ad62db3a358b720b54e12f745ea4429
325,Kiley Jouhan,041383,15521114,0x67d8aab69aa5ccd64f522d1b100ea17b6820a5fc
326,Haze Bunclark,737058,42606682,0xd76a6f2531406145718fb12f1b7afb4176b98347
327,Bentlee Gotmann,651552,16399561,0x9907e4ea33b45ffc41920624fe4ba831cbc5c445
328,Fanni Micklewicz,148879,62181632,0xf7952277a98fc44850452314994c09887b55eba7
329,Rurik Sugg,186982,28834679,0xd4597b8ba42d6058ae7a7cec38a5cb6c5b79e6e0
330,Emalee Roman,500067,39291001,0xb00fd99a5cb77d0673e1068a0b23729a6e9b5737
331,Ailbert Stamper,291582,06683280,0x5fd2cb913d974288222a82606d2c35b3080f4ab7
332,Leoline Spenclay,505757,14037635,0xdbcaad969beb283aa08d3844b25af69351e4a675
333,Kennett Sapp,026558,52189543,0xe5600b5a725110e28fc4cefe1307410303e69595
334,Catharina Celand,152257,46071284,0xbfc4aeaf8b59dc8a4daee3fa86391d4f191b9c60
335,Rhody Gaskoin,856743,70194135,0xeabd3e23d7aca30b858871663808fcc863218d70
336,Romona Muirden,283227,54703964,0x10d02466c377749a17344334422a081fe7437307
337,Josselyn Pymer,107995,80595545,0xa7bb295b9900e0dad563ca0de3f75901f987bd7b
338,Merrielle Grigor,462611,50818720,0x4a272acbd8ca5f01b66212f5a54a3445aad1f83d
339,Nannette Faunt,987185,15702646,0x04f536452c95a7fdf01e71196eb25ae8b8b38c62
340,Alexi Harfoot,713012,07398400,0xc83b1be6b305afe1b25b74fb1f9de4f86a96e727
341,Eduardo Kobierski,224026,69081231,0x96736dd2971ebc0945060824ccce8f28366ad063
342,Aeriel Sallows,507594,37743987,0x1ea6d66e88df1bd5bd35e273078863b85facdca5
343,Deborah Sottell,789952,65020418,0x68a7ba277bd6f057e466291b5ce07b1bab4e63ea
344,Roxie Greenhouse,470101,80434826,0x62c4311da725afda64aef1815dae0b70d6a78806
345,Anabal Peploe,814573,98186575,0x59fc8d15a2e190c73b410842133b07c56e15a3d8
346,Min Roycroft,227653,63561651,0xe8434ef2b360e9ae986674b93166ebdf91d47457
347,Hillery Ballantine,173718,54069581,0x944556b514b3e905cebbdc8dbe0413bc774e46fb
348,Raoul Kirman,707750,05975687,0x7382b4fee53aba01227ff8dc4c35ef8f19455395
349,Anstice Burberye,007426,39690678,0xaf7d1e742176a671d06806c25f2dd8fd89eb99a2
350,Britney O'Heagertie,171814,85599879,0xfa06c0c03c21c123f3cfa32a50d94d949045b706
351,Ruthi Coo,257486,50875606,0x78058f0ee7df385caf38101f49e29b3da5174570
352,Christean Rance,423127,67931201,0xd947390a292c3b555bba40afd901bfab6baea2cf
353,Joachim Peddowe,092884,02618220,0x9c706cf2e483eb6ab58e2b7903161499dc8d7419
354,Annadiane Howick,781234,93464103,0x24b58fd224201268bba9f66e29cf46d27f31a2fa
355,Shaw Romao,160017,58902676,0x02a8004379797798985adc3c708fa9b5914eedb2
356,Mayor Duchart,042999,58347780,0xb2d4f9b89e60395587de06b173e7e86baf198efd
357,Jerrome Southern,351308,98838027,0x0513515b096b2f58027c6d1a8acdbe108a2d0aa5
358,Lloyd Grivori,375995,28753101,0x8d19c98938059b5065e2c65c54a57038651670f8
359,Darill Scopham,749879,90517996,0x8a81c73f16a25bb47b891b5876a9b7168a76ae66
360,Audra Shorto,977456,93183990,0x220cbd7e72ec23ad62fda6268b6902e8fc1481ae
361,Sloan Middlemiss,930669,74582172,0x187d3470fca587cf8c9fcdcc6a55471794960560
362,Consalve Cranmere,284780,53406141,0xbc0d1699ed98bd0f720920ea78bc7ecf6a4ba58b
363,Dee Rabjohns,704819,33640459,0xd2c5a8f99a449250d4143209a24b74d65796ba3b
364,Benita Marcussen,079986,08953508,0x9f9d858309a7423164680f5f9c4893ecad052c85
365,Harlie Petzolt,161869,41484198,0x34e4f9c208d62edbe811d005a0553bd9ef21b918
366,Andra Penn,291791,56099379,0xcc349192ddc1f04cb659e4a3967be93f6a9ef9d2
367,Alida Fetherstone,389846,92298919,0x1e70fc7e287895e34ae81e9a228c8a5cb12bbed6
368,Udell Redford,958479,09436381,0x9536db2fec93596f9aa023c48b3fe06011f0d683
369,Bennie Fortesquieu,561594,01935499,0xafd4ecab524c4fad0e0ddf247999b9e02b174f6b
370,Linnet Marconi,505280,98214478,0x2485c67071563389610c5479abbbfa2de2b8f03e
371,Timmy Scargle,222566,43426558,0x2bf73f9ea99cdce359f02c5dda841cac60f493c3
372,Gallard Flippini,585572,31013591,0x687d0b47426897bb73789edfadef51ad74774e43
373,Shamus Gaven,935677,89308702,0xd99c9bb79756ecfde3d2bae145321d775af63d5a
374,Tamarah Houseley,621280,91743444,0xe4810591442c16d3f1ed3818b9f54334faa2e70f
375,Muhammad Chilley,992598,06841976,0x35e46acd489c082235af522eff0930cd8e80bd0e
376,Viv Allsworth,166790,11673860,0x3260d04af5769594a7670ca447171f7c2e8f81ba
377,Jemmie Pinsent,406297,43690264,0x8feeeeae618cd509c9831b350ba1957deeae092c
378,Nina Vallerine,859614,35079742,0x38f0f869d59e4543ad5566bce48c757a9691b57e
379,Oates Smith,608490,00410343,0xfa288af21208a2223039f82fcaa6c40852e12ca5
380,Clarey Sprigg,511996,86791566,0xab85b401ae4b4c6ff7e557db5f3b7bad174e888a
381,Madalyn Daunay,113337,32241530,0xeb82a4ad6889709550c1af267c84ceabf6103851
382,Cobbie Giddings,671294,89783075,0xbd4f4b27eba7f5ce25148c2f93f2d9a781129624
383,Andras Winsiowiecki,318777,04690214,0x075a3628b907fede7aff3abd049c29a69cc209b7
384,Korry Galer,411842,42315116,0xff72707e5e4da45b8553baddb360052c56217b88
385,Albertine Scurrah,423564,78098904,0xe141d52a833e50756c73b2b737285a2353046483
386,Mercy Dielhenn,864122,09471236,0x6154c004d819ba1a9d2eabf693cfe8887acd4f53
387,Garik Letchford,749542,99860881,0xdf838e2dcfe058db74113d3e8055f9ece25f2c95
388,August Bundey,811059,37604061,0x7b29227073b494dacd586762a395cca17adc16f0
389,Neddie Hansell,054383,29130190,0xf345ed620e76396f63ddc1fcbf4e43d13d6cc38f
390,Clarine Mertgen,009082,80763585,0x603a6257ee09b82969533bc5cf2d600c538ae0e0
391,Ann Brian,699209,20877641,0x1371dfb4dd1c0b18775a0985b5e4c49f6412f404
392,Bealle Kemster,479167,79209756,0xf7423dfeb7b12d8dfb8f8bdb73e983acf1e37632
393,Elwyn Bolesworth,146295,57505867,0x2c497be1f45964cd53b518d26751c6a275270065
394,Filmer Sikorsky,015963,56162347,0x5e32fc66b2ecf22f69ba467c5606138ed507fc13
395,Jeralee Boniface,589111,32868993,0x97b29ede59dbd0a778402aaa0afbf00dd8e6d904
396,Candis Segeswoeth,007344,07931922,0x3053fbb8c4e978535fcec9522805f30b35fac5ba
397,Teddie Baskett,246181,08467053,0x54e49dd81474a26566196e19dee382a81d45a385
398,Burr Di Nisco,255994,80843228,0x7763bd48c0e339f810b9a469a2d8c9ef2a832c70
399,Rodina Westcot,837687,86580613,0x7b327bc1e0011cb94bb9b6818b7f17335cccf8fe
400,Darrin Oglethorpe,869807,05549446,0x619d757b5ed0e5be65d36feb2aaccc95c69dfe7e
401,Kirby Pieche,210656,90982214,0xb4ce648f4c09d3f04bf8a2f8c5f8f0d06effd846
402,Araldo Murgatroyd,500282,66338739,0xdab97700aa435234cd645c5a12b4c54079a2b3cc
403,Crissy Eagles,110307,35261518,0xbed3ebd7a8e1b65f42866968ecda44a6f5c03562
404,Marika McDuff,739270,12449753,0x7f0fc19813724ea98fbecbae5081a424394b730d
405,Ethelbert Salling,287132,92862839,0x452947d7e61a5725fb722a1cc158394c377cf6c6
406,Guillaume Gamon,125614,48150771,0x572e83891af30b5249b0063fb796a0bd88aaf08a
407,Roselia Boothby,488563,59375741,0x32ae97f0b18c3d66027ad046c710a0b26f673613
408,Hartwell Ryott,212278,74515187,0x2014eb6bf618410c11c39e0653a3ca88adc2e107
409,Anatol Waldera,316544,91138994,0xb417f4f118ca6f9fbc852de12eaca311324533ca
410,Massimiliano Clash,547529,24087540,0xaa7732f6e72b45021e44c2de721bdb914d26d5a7
411,Cristi Yo,060399,07523790,0xac4476196ff6712603a13deb00518c8d190f6087
412,Cly Hazeman,006889,82822198,0xb4e898191904ef9fed6838f44c7036925afdc0cd
413,Mallissa Stein,019603,69469042,0x2666801019ad0b95dba4ff6dabece0d8c0c7aae2
414,Amandy Sherel,573319,98595827,0xdbc53d59aa8797f669d9783b3eebd3232006c6c3
415,Morry Cocking,125702,49313425,0x2b8c462691218886c887f63592529e1939c95c43
416,Pancho Geyton,073346,85466671,0x37268bb5e49199930dacd1e4ddcdb1d158d9480f
417,Gaspard Janiszewski,776677,52943614,0x31c3e033e3d02281233346e8ca2a2d7b34f72494
418,Nicolle Porteous,145754,83084128,0x55682851d71022e4d4eb23f5d1ddea1e1367a9ee
419,Lela Tapley,182475,38964579,0x1be0b06e23325143509816b166a7bc2546bfd9d8
420,Emlen Baise,092495,55197380,0xb5cf72cd99d194a5476131e801efa7178661868d
421,Phillipp Gresswell,646413,99647656,0x6e4477f2f3e2791a4a0a5da4d6b2729f666ca16e
422,Annabela Sexon,112282,30116139,0x1d0b9c83f341a729d16a868f8138eacf29e0e148
423,Boycie Hame,155653,55516076,0x314547594a11b8bffd0d1f02b1536af5174b83b0
424,Florian Sangra,223324,99541145,0x4976d89d5a51c20a7210341ec68cf17068e5f767
425,Cristen Brahams,771906,04040023,0x50797f7062a88d42a5d9a8ae5ab95a862376b60c
426,Melly Kubicek,849660,64189050,0x13ef4fb4c9e2cace85817898b2b23e9f68699e2a
427,Rosaleen Springthorpe,837463,43524069,0x84cbe85709445970461675fa41cfcf534a760afb
428,Philbert Dand,893206,01057727,0xa3c47200b99ab8454f679e251bcb8cccf89b1a3c
429,Gilda Polino,800447,40357099,0x227690202d1131bf5a33662473641e5373db02a4
430,Hew Ugolotti,695251,33336252,0x3e74a751482d24bbd3c39464f4085f3386cf7482
431,Monti Kasting,726191,98322090,0x2af0006ff9de2a897bf37e2ed515cf97d9ce5911
432,Tan Francom,107659,71896373,0x8cdbdc759461459bd0a4a43c78788e756e056871
433,Lorain Shoebridge,297778,86239614,0x72ce0f7fa10b8c010b56e01c1e203ac48b18c2d5
434,Phedra Harrill,698049,86614310,0x87dc2e3e8938d112f17d4852b1ca112b6692fa64
435,Peyter Spurdens,424640,87993754,0x87a87090df47516c726a23e64fae7f4d82f41d6f
436,Marjie Bushell,950332,63156025,0x630adafd17ef301ec6392dd22cd81204af6aa942
437,Dougy Somner,340689,68654610,0xe1ceef78fa61e10ff6b248edd23293ebe27c5717
438,Xavier Gilbey,113896,70034434,0x7a0f26f3c4d475f9f52dce32a00d07d0ee37f3b7
439,Kala Rolfe,439875,20621000,0x32c83aabd2ddebdf5827e7ba9c3daa5b24a5ba0a
440,Valma Sargerson,458216,53837305,0x114ec05bee174bfa32a7dadf18c97df4715a277c
441,Donnie Dahlgren,718963,87336775,0x3a4df8ba2e5f2f37f4e2ed0ef6b18ceb49721221
442,Morley Cowdray,579734,75033669,0xd96e161065a9689a31feda8c0392769b7ef087f7
443,Boonie Saffen,212467,34094221,0xa724b4d2276c4bc255295b0b0b409faba303fd55
444,Mellicent Storcke,561037,68921504,0x7b35d4e6c85d5354cbfb70666123b6fd7d21ea8d
445,Grier Hallsworth,949398,88796756,0xbe1f69d6beac632466231fe069be0dbd6f0b7888
446,Jeffy Kagan,788821,51504381,0x3227bc926b9a5a21e9b88b5c7edb56768cd41404
447,Ashbey Glasby,865774,97652958,0x826d77a97d26a92306249118846646f68a3a2331
448,Gene Egle of Germany,265192,48296868,0xa0170fa59d0d09f4a3ebc59d22bfac1fb530ecc4
449,Tori Stroban,544030,68800805,0x4c53dda686347548627de3b1f2c7714c577ded6b
450,Gwennie Paddison,902456,08258541,0x70a4f5546d3ef53c1dd6173f373be50df93850f5
451,Keslie O'Lyhane,522568,34913699,0x9aa6b947d07c1171dfafdd716e23e11d9a206a23
452,Wiatt MacArthur,024467,70605372,0xd9b0627e5925dd5f7c25a1ddfdae53d4a9f576a4
453,Nancy Tieraney,610688,15663423,0xc8cf86ac1c724bf33a87ce0fba188651364afb25
454,Hersh Demcak,844173,27895883,0x3a61a9efd1d408756d835054ad9599d97cd5fea5
455,Trstram Phelp,832779,66978252,0xd873352d60ede8e6f4c57be72a50bb0da5acf7bf
456,Kerrin Kinahan,731463,81180364,0x67ff2adc57b7669d7f06819719380de49eaf5690
457,Siana Alders,338045,13513284,0xc273e1a5e0a10772dde83360eb562c18691133d0
458,Phineas Graser,595502,85778795,0x3ff4447e1426933481cf2df88d35fa0269ff4299
459,Riva Wimlett,541904,41862194,0xea7a442495b20e0d9bed98cd676eaa55303aec4c
460,Catrina Pyle,736287,90190298,0x4fe71b31ed707167b4eafc3887f00aeefd9085bd
461,Michal Benge,422009,69519083,0x91e73505df270763ac61e70aa3e5a45a7eb257be
462,Robb Deeth,154886,02832696,0xd4f65f20aadd75d860e77db416b9b256884a4874
463,Chandal Fenemore,790275,27536340,0xfbd2c5e9f9478300b027b9efa01769923a03a79e
464,Vincenty Suston,924032,06802151,0xf78709da5f66c684d4fb703160c583028f9af279
465,Crissie Archer,031246,76154859,0xf7e0c8ea18f539eb0025ea0797fbf4532533ca81
466,Gabie Sinkin,101830,20646468,0x8a6e5d0fc784b55e59252b33b1506b4fc0acb3b4
467,Jenna Weddeburn - Scrimgeour,929045,42638899,0x7266370efa7afbca83901b2f36d850b7da2b1da1
468,Basilio Trehearne,129001,96528422,0x8c846a36e7aa3a4206cacddf8ee43056fd3d20b5
469,Lari Yacobsohn,591831,32578540,0x14da1d29a0ed87dfa4d156a90babe30bdf30c566
470,Gustavus Glenister,608908,59935805,0x61d00f9b5faa1142567586a108565074bba73b95
471,Maurice Natwick,837019,33974169,0xb6b1d6ff01026889420713801f2c9c7f52aaba75
472,Kev Bauldry,943023,12193313,0xd13a453d11c18700bbb403c048ccca706086eb0d
473,Rutger Beyne,904497,21226695,0xe02f708e4ead925035c6733b09a43ab4b62114aa
474,Rossie Rope,379438,23369237,0xcd82904cae7ea2180717ddc1024ef3c5105e6efe
475,Crystal Quinevan,246904,85177760,0x5110a26b9c1c8de766eb4e31bbfe7b736c522090
476,Maxie Tincombe,055641,18738541,0x387ee3a9a67a5164db5b11e68e51582052defa16
477,Kiah Goodliff,109068,65458818,0x28ce15597e970c85eb43269a5b742f43062a0319
478,Hi McCuis,726935,83484230,0x7028959e6d1a6af2aaa0e52efbdce12a20b873bb
479,Christoforo Lembke,547234,28398520,0xdb9cc2ce95812294c8173b0037927f340ec923d4
480,Wendi Ruzic,103620,56453304,0x067d51e812f309aa39bc248a0366d157c3b7b3a2
481,Federica Olford,986443,04830406,0x85c321eee93ac3535b9e5ff8308301b5e71eac42
482,Liesa Dibbin,031267,86233147,0xe61f17633e2336c0c11784840deac075ab2e549a
483,Sophi Tregonna,105525,65118384,0xd5d2275a5f69c6a4baecb7d1bc8f2932fc7e8714
484,Westbrooke Kilmister,246172,24030431,0x6f0a83667e250c8feb4b25e489c5854daf83f661
485,Alaine MacColl,434005,88901295,0x51656316a36f2329073be81bce0afa19304f3a69
486,Fabien Checcuzzi,470362,16560774,0x367fcd6855bbbece8c36d5daf75cd20361a8ca05
487,Ingaberg Hassin,499591,67583908,0x25cdea0765d72bb0ec1b58337f1e992b24f01762
488,Dee Vezey,691324,37982450,0xc73aba55e73cd4e5a8fbaf8c0ab96bb90eed3c28
489,Benton Foister,982251,48458553,0xefbe720b337e713febbf18e0cd52786d94f4c9c9
490,Timothee Bariball,958050,19998607,0x24577992921819d4c806d4a17617c2c20c0a7cbf
491,Adair Rootham,190595,89576189,0xca6f15c95436899bd61d5f462b80c7145408bb55
492,Nevin Groome,798339,08432966,0x656af821e149b482dc49f824d51d3b7827062a18
493,Sam Paule,438680,99044089,0x831aed3b64d2495d8f8e2332d7c1660ac8bb5002
494,Thomasina Govett,440624,65031787,0xc7665480199be9d519d719948d78073a33682137
495,Othilia Beynkn,467510,54174172,0xc295f94765ac107dc1a8fe75c862b3653d02920d
496,Misha Dinnington,866332,49961811,0x3c7e1b0bd11c2eb827437dfb09ed1b2c46290a44
497,Hayward Adds,653955,97777797,0x634a921e7ca9548a78be4cb054bdd1ff085deb0a
498,Kellina Eadmeades,289436,64992438,0x5165645c0da52422998341faad2449e943acadde
499,Will Gagan,752025,93749022,0xe7dbb6235795185c41d891da0542d3fa676ec502
500,Sibelle Haslegrave,030285,16633077,0xfb351fa6170538918fc0ff6a763b95fe3ecb4323
